0x0003cc3c,label,kart_drawlist_3cc3c
0x0003cc40,label,kart_track_3cc40
0x0003cc50,label,kart_cam_3cc50
0x0003cc54,label,kart_state_ptr_3cc54
0x0003cc58,label,kart_gate_banner_3cc58
0x0003cc74,label,kart_row_rects_3cc74
0x0003ce94,label,kart_backdrop_objs_3ce94
0x0003ce9c,label,kart_ground_rect_3ce9c
0x0003cffc,label,kart_deferred_list_3cffc
0x0003d004,label,kart_instructions_steps_3d004
0x0003d074,label,kart_custom_backdrops_3d074
0x0003d07c,label,kart_custom_obj_bmps_3d07c
0x0003d090,label,kart_track_ptrs_3d090
0x0003d0a0,label,kart_title_objs_3d0a0
0x0003d0bc,label,kart_custom_kart_id_3d0bc
0x0003d0c0,label,kart_demo_ptr_3d0c0
0x01000100,function,flash_entry_1000100
0x011de8d8,function,tone_play_3410_twin_11de8d8
0x014047f0,function,kart_handler_14047f0
0x0140491e,function,kart_session_init_140491e
0x01404a56,function,kart_session_free_1404a56
0x01404b8c,function,kart_savegame_write_1404b8c
0x01404fd8,function,kart_savegame_restore_1404fd8
0x01405428,function,kart_race_init_1405428
0x01405534,function,kart_scene_build_1405534
0x01405778,function,kart_sprites_mirror_1405778
0x01405ad6,function,kart_track_add_start_objs_1405ad6
0x01405b68,function,kart_custom_kart_load_1405b68
0x01405e82,function,kart_custom_kart_free_1405e82
0x01405ebc,function,kart_new_game_1405ebc
0x01405f60,function,kart_race_free_1405f60
0x01406084,function,kart_track_free_1406084
0x014060c6,function,kart_seg_field_14060c6
0x01406144,function,kart_road_draw_1406144
0x01406828,function,kart_hud_build_1406828
0x01406a6c,function,kart_hud_delete_1406a6c
0x01406b08,function,kart_drawlist_reset_1406b08
0x01406bb8,function,kart_drawlist_flush_1406bb8
0x01406c88,function,kart_box_onscreen_1406c88
0x01406ce0,function,kart_backdrop_place_1406ce0
0x01406e14,function,kart_backdrop_crossing_1406e14
0x01406f54,function,kart_karts_queue_1406f54
0x0140726c,function,kart_roadside_queue_140726c
0x01407588,function,kart_drawlist_add_1407588
0x014075e2,function,kart_row_scale_14075e2
0x01407620,function,kart_select_draw_1407620
0x014079b8,function,kart_select_clear_14079b8
0x01407a60,function,kart_start_lights_draw_1407a60
0x01407b24,function,kart_start_lights_clear_1407b24
0x01407b84,function,kart_results_table_draw_1407b84
0x01407e08,function,kart_result_final_draw_1407e08
0x0140808c,function,kart_time_draw_140808c
0x0140830c,function,kart_time_clear_140830c
0x01408394,function,kart_points_draw_1408394
0x014084b0,function,kart_points_clear_14084b0
0x014084f4,function,kart_rank_badges_clear_14084f4
0x0140853c,function,kart_unlock_draw_140853c
0x0140873c,function,kart_tick_140873c
0x01408dc0,function,kart_next_seg_1408dc0
0x01408dce,function,kart_racers_init_1408dce
0x01409076,function,kart_kart_stat_1409076
0x014090a4,function,kart_rubber_band_14090a4
0x01409204,function,kart_race_step_1409204
0x0140990a,function,kart_player_input_140990a
0x0140998a,function,kart_player_lateral_140998a
0x01409a40,function,kart_rank_update_1409a40
0x01409aba,function,kart_finish_times_1409aba
0x01409bea,function,kart_cup_points_1409bea
0x01409dd0,function,kart_challenge_points_1409dd0
0x01409efc,function,kart_centrifugal_1409efc
0x01409f64,function,kart_box_overlap_1409f64
0x01409fb0,function,kart_hit_kart_1409fb0
0x0140a1f0,function,kart_hit_object_140a1f0
0x0140a2c8,function,kart_ai_avoid_140a2c8
0x0140a31c,function,kart_missile_home_140a31c
0x0140a412,function,kart_ai_seek_pickup_140a412
0x0140a468,function,kart_collide_140a468
0x0140aa9c,function,kart_ai_weapon_140aa9c
0x0140abf6,function,kart_fire_weapon_140abf6
0x0140ad78,function,kart_ai_turbo_140ad78
0x0140aea6,function,kart_use_turbo_140aea6
0x0140af18,function,kart_demo_start_140af18
0x0140b0be,function,kart_demo_msg_140b0be
0x0140b1a4,function,kart_demo_end_140b1a4
0x0140b2c0,function,kart_demo0_frame_140b2c0
0x0140b648,function,kart_demo1_frame_140b648
0x0140b774,function,kart_demo2_frame_140b774
0x0140c0fc,function,kart_demo3_frame_140c0fc
0x0140c19c,function,kart_demo_road_140c19c
0x0140c2ac,function,kart_demo_hud_140c2ac
0x0140c530,function,kart_custom_backdrop_load_140c530
0x0140c5c0,function,kart_custom_backdrop_free_140c5c0
0x0140c5dc,function,kart_custom_bitmaps_load_140c5dc
0x0140c6d4,function,kart_custom_bitmaps_free_140c6d4
0x0140c702,function,kart_bitmap_make_140c702
0x0140c75e,function,kart_bitmap_bytes_140c75e
0x0140c76e,function,kart_custom_spriteset_load_140c76e
0x0140c7c6,function,kart_custom_spriteset_a_140c7c6
0x0140c7d4,function,kart_custom_spriteset_d_140c7d4
0x0140c7e2,function,kart_custom_spriteset_b_140c7e2
0x0140c7f2,function,kart_custom_spriteset_c_140c7f2
0x0140c804,function,kart_custom_sprites_load_140c804
0x0140c914,function,kart_custom_sprites_free_140c914
0x0140c94c,function,kart_track_load_140c94c
0x0140ca96,function,kart_track_segments_load_140ca96
0x0140caf0,function,kart_track_objects_load_140caf0
0x0140cba8,function,kart_unknown_140cba8
0x0140cbfc,function,kart_track_load_builtin_140cbfc
0x0140cce8,function,kart_gd_read_u8_140cce8
0x0140ccfe,function,kart_gd_read_u24_140ccfe
0x0140cd18,function,kart_gd_read_name_140cd18
0x0140cd66,function,kart_gd_read_spriteset_a_140cd66
0x0140cd82,function,kart_gd_read_spriteset_b_140cd82
0x0140cda0,function,kart_gd_read_spriteset_c_140cda0
0x0140cdbc,function,kart_gd_read_spriteset_d_140cdbc
0x0140cdd8,function,kart_gd_bitmap_bytes_140cdd8
0x0140cde4,function,kart_gd_read_bitmap_140cde4
0x0140cdfe,function,kart_gd_read_bitmaps_140cdfe
0x0140ce3e,function,kart_gd_read_backdrop_140ce3e
0x0140ce62,function,kart_gd_read_track_140ce62
0x0140ce9a,function,kart_gd_read_tracks_140ce9a
0x0140cebe,function,kart_gd_read_rules_140cebe
0x0140cf20,function,kart_gd_read_kart_140cf20
0x0140cf66,function,kart_gd_read_karts_140cf66
0x0140cfa0,function,kart_gd_parse_140cfa0
0x0140d026,function,kart_menu_option_add_140d026
0x0140d054,function,kart_gd_list_in_menu_140d054
0x0140d086,function,kart_gd_load_140d086
0x0140d0dc,function,kart_gamedata_receive_140d0dc
0x0140d1b0,function,kart_gamedata_relist_140d1b0
0x0140d20a,function,kart_custom_kart_read_140d20a
0x0140d234,function,kart_best_show_140d234
0x0140d2fa,function,kart_best_draw_140d2fa
0x0140d4fe,function,kart_best_msg_140d4fe
0x0140d520,function,kart_modedata_init_a_140d520
0x0140d554,function,kart_record_init_140d554
0x0140d588,function,kart_modedata_set_kind_140d588
0x0140d5e4,function,kart_record_save_140d5e4
0x0140d6a8,function,kart_best_end_140d6a8
0x0140d72c,function,kart_title_create_140d72c
0x0140d798,function,kart_title_show_140d798
0x0140d7d6,function,kart_title_animate_140d7d6
0x0140d7fc,function,kart_title_msg_140d7fc
0x0140d83e,function,kart_title_end_140d83e
0x0140d8a0,function,kart_register_item1_140d8a0
0x0140d8be,function,kart_register_item2_140d8be
0x0140d8da,function,kart_register_options_140d8da
0x0140d910,function,kart_register_140d910
0x0140d980,function,kart_deferred_run_140d980
0x0140d9a8,function,kart_deferred_add_140d9a8
0x0140e758,function,si_handler_140e758
0x01418c58,function,bumper_handler_1418c58
0x0142144c,function,link5_handler_142144c
0x01422a70,function,d2m_handler_1422a70
0x01424824,function,engine_savegame_write_1424824
0x0142486a,function,engine_savegame_size_142486a
0x01424894,function,engine_savegame_clear_1424894
0x014248b0,function,engine_rec_find_save_14248b0
0x014248d4,function,engine_modedata_write_14248d4
0x014248fc,function,engine_modedata_read_14248fc
0x01424944,function,engine_modedata_size_1424944
0x0142496e,function,engine_rec_find_modedata_142496e
0x01424996,function,engine_appdata_write_1424996
0x014249c0,function,engine_appdata_read_14249c0
0x01424a08,function,engine_appdata_size_1424a08
0x01424a32,function,engine_rec_find_appdata_1424a32
0x01424a52,function,engine_app_setting_get_1424a52
0x01424a8e,function,engine_setting_get_1424a8e
0x01424aca,function,engine_rec_pair_get_1424aca
0x01424b14,function,engine_setting_set_1424b14
0x01424bf4,function,engine_pairs_get_1424bf4
0x01424c1a,function,engine_pairs_set_1424c1a
0x01424c44,function,engine_rec_find_item_settings_1424c44
0x01424c6c,function,engine_rec_find_settings_1424c6c
0x01424e48,function,engine_gamedata_write_1424e48
0x01424e7a,function,engine_gamedata_read_1424e7a
0x01424ec2,function,engine_gamedata_is_empty_1424ec2
0x01424ee2,function,engine_rec_find_gamedata_1424ee2
0x01424f0a,function,engine_read_user_string_1424f0a
0x01425490,function,engine_obj_check_1425490
0x014254c4,function,engine_obj_parent_14254c4
0x014254d2,function,engine_obj_pools_init_14254d2
0x01425584,function,engine_session_reset_1425584
0x014255d0,function,engine_keys_clear_14255d0
0x014255e0,function,engine_scene_reset_14255e0
0x01425764,function,engine_obj_free_1425764
0x01425796,function,engine_pool_alloc_sprite_1425796
0x01425840,function,engine_pool_alloc_shape_1425840
0x01425910,function,engine_pool_alloc_group_1425910
0x014259ac,function,engine_pool_free_group_14259ac
0x01425a42,function,engine_pool_free_sprite_1425a42
0x01425ae8,function,engine_pool_free_shape_1425ae8
0x01425b8e,function,engine_app_new_1425b8e
0x01425c70,function,engine_app_text_1425c70
0x01425ccc,function,engine_app_index_1425ccc
0x01425d0c,function,engine_app_item_index_1425d0c
0x01426996,function,engine_menus_rebuild_1426996
0x01427298,function,engine_score_send_build_1427298
0x01427878,function,engine_rec_size_1427878
0x0142788e,function,engine_rec_find_142788e
0x01427b10,function,engine_rec_reserve_1427b10
0x01427b1c,function,engine_rec_clear_1427b1c
0x01427cb6,function,engine_rec_read_1427cb6
0x01427cda,function,engine_rec_write_1427cda
0x01428124,function,engine_app_send_1428124
0x01428150,function,engine_set_state_1428150
0x0142817e,function,engine_get_state_142817e
0x01428488,function,engine_app_exit_1428488
0x01428500,function,engine_obj_detach_1428500
0x0142859a,function,engine_obj_attach_142859a
0x014285ca,function,engine_obj_insert_after_14285ca
0x014286a6,function,engine_obj_first_child_14286a6
0x014286c4,function,engine_obj_last_child_14286c4
0x014286e2,function,engine_obj_set_first_child_14286e2
0x0142874a,function,engine_obj_set_last_child_142874a
0x014287b6,function,engine_obj_count_adjust_14287b6
0x01428808,function,engine_render_scene_1428808
0x01428852,function,engine_render_tree_1428852
0x0142896c,function,engine_render_obj_142896c
0x01428aa0,function,engine_set_period_1428aa0
0x01428ab4,function,engine_timer_restart_1428ab4
0x01428ac0,function,engine_lcd_begin_1428ac0
0x01428ac8,function,engine_lcd_flush_1428ac8
0x01428b40,function,engine_vibra_1428b40
0x01428b7c,function,engine_feature_on_1428b7c
0x01428bd2,function,engine_set_key_layout_1428bd2
0x01428ccc,function,engine_tone_play_1428ccc
0x01428cee,function,engine_sound_available_1428cee
0x01428d10,function,engine_sound_play_data_1428d10
0x01428d32,function,engine_tone_stop_1428d32
0x01428d48,function,engine_tone_stop_all_1428d48
0x0142a26c,function,engine_gdi_blit_142a26c
0x0142a438,function,engine_gdi_line_142a438
0x0142a5b4,function,engine_gdi_rect_142a5b4
0x0142a814,function,engine_screen_width_142a814
0x0142a818,function,engine_screen_height_142a818
0x0142a830,function,engine_gdi_canvas_142a830
0x0142a89e,function,engine_gdi_mode_142a89e
0x0142a8d4,function,engine_clip_rect_142a8d4
0x0142b4f0,function,engine_rom_text_142b4f0
0x0142b98c,function,engine_timer_start_142b98c
0x0142b9f0,function,engine_lcd_begin_msg_142b9f0
0x0142ba08,function,engine_lcd_flush_msg_142ba08
0x0142ba26,function,engine_vibra_msg_142ba26
0x0142ba80,function,engine_malloc_142ba80
0x0142ba8c,function,engine_calloc_142ba8c
0x0142bab0,function,engine_realloc_142bab0
0x0142bae8,function,engine_free_142bae8
0x0142baf6,function,engine_memcpy_142baf6
0x0142bafe,function,engine_memset_142bafe
0x0142bb06,function,engine_wcslen_142bb06
0x0142bb2e,function,engine_srand_time_142bb2e
0x0142bb3a,function,engine_rand_142bb3a
0x0142bc08,function,engine_pp_flag_142bc08
0x0142bd28,function,engine_set_cover_layout_142bd28
0x0142bd4c,function,engine_key_screen_pos_142bd4c
0x0142bde0,function,engine_keypad_bitmap_142bde0
0x0142bdee,function,engine_key_marker_bitmap_142bdee
0x0142bfd4,function,engine_tone_play_id_142bfd4
0x0142bffc,function,engine_tone_send_142bffc
0x0142c05a,function,engine_tone_stop_id_142c05a
0x0142c07a,function,engine_tone_stop_send_142c07a
0x0142c0c2,function,engine_sound_play_data_msg_142c0c2
0x0142c326,function,engine_scoresend_queue_142c326
0x0142c428,function,engine_file_read_142c428
0x0142c44e,function,engine_file_write_142c44e
0x0142c58c,function,game_bitmap_draw_line_142c58c
0x0142c616,function,game_bitmap_draw_rect_142c616
0x0142c6a2,function,game_bitmap_blit_scaled_142c6a2
0x0142ca7e,function,game_bitmap_scale_1bpp_142ca7e
0x0142cd48,function,game_bitmap_scale_2bpp_142cd48
0x0142d072,function,game_bitmap_extract_142d072
0x0142d174,function,game_app_define_142d174
0x0142d1d0,function,game_app_set_records_142d1d0
0x0142d260,function,game_menu_add_item_142d260
0x0142d3cc,function,game_menu_item_set_mode1_142d3cc
0x0142d442,function,game_menu_item_set_mode2_142d442
0x0142d538,function,game_menu_add_option_142d538
0x0142d67e,function,game_app_set_text_table_142d67e
0x0142d6c2,function,game_app_set_blob_table_142d6c2
0x0142d706,function,game_menu_option_append_142d706
0x0142d814,function,game_app_add_string_142d814
0x0142d98a,function,game_app_add_blob_142d98a
0x0142da82,function,game_menu_option_remove_142da82
0x0142dc08,function,game_app_remove_string_142dc08
0x0142dc8a,function,game_app_remove_blob_142dc8a
0x0142dcf6,function,game_app_set_appdata_size_142dcf6
0x0142dd30,function,game_get_period_142dd30
0x0142dd36,function,game_set_period_142dd36
0x0142dd46,function,game_malloc_142dd46
0x0142dd4e,function,game_calloc_142dd4e
0x0142dd56,function,game_realloc_142dd56
0x0142dd5e,function,game_free_142dd5e
0x0142dd66,function,game_memcpy_142dd66
0x0142dd6e,function,game_memset_142dd6e
0x0142dd76,function,game_key_state_142dd76
0x0142dd84,function,game_setting_get_142dd84
0x0142ddac,function,game_app_setting_get_142ddac
0x0142ddd8,function,game_setting_set_142ddd8
0x0142de20,function,game_srand_142de20
0x0142de28,function,game_rand_142de28
0x0142de30,function,game_savegame_write_142de30
0x0142de5e,function,game_savegame_clear_142de5e
0x0142de6c,function,game_modedata_write_142de6c
0x0142def2,function,game_modedata_read_142def2
0x0142df26,function,game_sound_142df26
0x0142df3a,function,game_sound_loop_142df3a
0x0142df4e,function,game_sound_available_142df4e
0x0142df60,function,game_sound_stop_142df60
0x0142df68,function,game_sound_play_data_142df68
0x0142df7a,function,game_vibrator_142df7a
0x0142df82,function,game_score_send_142df82
0x0142dfbc,function,game_exit_142dfbc
0x0142dfc8,function,game_redraw_142dfc8
0x0142dfec,function,game_score_box_142dfec
0x0142e1d8,function,game_score_box_icon_142e1d8
0x0142e22a,function,game_ipow_142e22a
0x0142e260,function,game_appdata_write_142e260
0x0142e28c,function,game_appdata_read_142e28c
0x0142e2b4,function,game_keypad_help_show_142e2b4
0x0142e328,function,game_keypad_help_mark_142e328
0x0142e38c,function,game_keypad_help_build_142e38c
0x0142e4ac,function,game_set_key_layout_142e4ac
0x0142e4e4,function,game_obj_delete_142e4e4
0x0142e54c,function,game_obj_get_flags_142e54c
0x0142e572,function,game_obj_set_flags_142e572
0x0142e590,function,game_obj_get_pos_142e590
0x0142e5e6,function,game_obj_set_pos_142e5e6
0x0142e638,function,game_obj_move_142e638
0x0142e6aa,function,game_obj_reorder_142e6aa
0x0142e764,function,game_obj_last_child_142e764
0x0142e798,function,game_line_create_142e798
0x0142e84c,function,game_line_get_points_142e84c
0x0142e894,function,game_line_get_style_142e894
0x0142e8be,function,game_line_set_points_142e8be
0x0142e914,function,game_line_set_style_142e914
0x0142e948,function,game_rect_create_142e948
0x0142e9ea,function,game_rect_get_style_142e9ea
0x0142ea14,function,game_rect_get_size_142ea14
0x0142ea76,function,game_rect_set_size_142ea76
0x0142eaa4,function,game_sprite_create_142eaa4
0x0142eb1c,function,game_sprite_get_frame_142eb1c
0x0142eb42,function,game_sprite_set_frame_142eb42
0x0142eb66,function,game_sprite_step_frame_142eb66
0x0142ebaa,function,game_sprite_set_frames_142ebaa
0x0142ebe4,function,game_gamedata_store_142ebe4
0x0142ec7e,function,game_gamedata_read_142ec7e
0x0142ec98,function,game_unknown_142ec98
0x0142eca0,function,game_unknown_142eca0
0x0142ecd4,function,game_group_create_142ecd4
0x0142ed5a,function,game_group_get_size_142ed5a
0x0142ed8e,function,game_group_set_size_142ed8e
0x0142edbc,function,game_screen_height_142edbc
0x0142edc4,function,game_screen_width_142edc4
0x0142edcc,function,game_root_142edcc
0x0142edd4,function,wsp_ses_unknown_142edd4
0x0142f218,function,wsp_ses_unknown_142f218
0x0142f27c,function,wsp_ses_unknown_142f27c
0x0142f2de,function,wsp_ses_unknown_142f2de
0x0142f5e0,function,wsp_ses_unknown_142f5e0
0x0142f610,function,wsp_ses_unknown_142f610
0x0142f83a,function,wsp_ses_unknown_142f83a
0x0142f860,function,wsp_ses_unknown_142f860
0x0142f924,function,wsp_ses_unknown_142f924
0x0142f954,function,wsp_ses_unknown_142f954
0x0142f9b8,function,wsp_ses_unknown_142f9b8
0x0142fae8,function,wsp_ses_unknown_142fae8
0x0150320c,label,d2m_bitmaps_150320c
0x015034fc,label,d2m_bitmaps_15034fc
0x01503f80,label,kart_roadside_bmps_1503f80
0x01504460,label,kart_obj102_bmps_1504460
0x015044c0,label,kart_portraits_15044c0
0x01504610,label,kart_portrait_locked_1504610
0x01504628,label,kart_portrait_nocustom_1504628
0x01504640,label,kart_body_bmps_1504640
0x015046a0,label,kart_body_alt_bmps_15046a0
0x01504700,label,kart_driver_bmps_1504700
0x015049a0,label,kart_driver_alt_bmps_15049a0
0x01504bf8,label,kart_sprites_1504bf8
0x01504c40,label,kart_backdrops_1504c40
0x01504cd0,label,kart_kart99_bmps_1504cd0
0x01504d30,label,kart_kart99_alt_bmps_1504d30
0x01504d90,label,kart_obj99_bmps_1504d90
0x01504df0,label,kart_obj100_bmps_1504df0
0x01504e50,label,kart_obj101_bmps_1504e50
0x01504eb0,label,kart_stat_icons_1504eb0
0x01504f10,label,kart_stat_block_1504f10
0x01504f28,label,kart_rank_badge_1504f28
0x01504f40,label,kart_time_sep1_small_1504f40
0x01504f58,label,kart_time_sep2_small_1504f58
0x01504f70,label,kart_time_sep1_big_1504f70
0x01504f88,label,kart_time_sep2_big_1504f88
0x01504fa0,label,kart_start_lights_panel_1504fa0
0x01504fb8,label,kart_start_lamp_1504fb8
0x01504fd0,label,kart_hud_panel_1504fd0
0x01504fe8,label,kart_hud_icon_a_1504fe8
0x01505000,label,kart_hud_icon_b_1505000
0x01505018,label,kart_hud_icon_c_1505018
0x01505030,label,kart_trophy_1505030
0x01505048,label,kart_start_picture_1505048
0x01508f10,label,kart_title_bitmaps_1508f10
0x01508f28,label,kart_logo_kart_1508f28
0x01508f40,label,kart_logo_racing_1508f40
0x01508f54,label,kart_title_kart_path_1508f54
0x01508f78,label,kart_title_racing_path_1508f78
0x01508fa0,label,kart_title_flag_pos_1508fa0
0x01508fa4,label,kart_row_scale_1508fa4
0x0150912c,label,kart_row_depth_150912c
0x0150920e,label,kart_camera_lag_150920e
0x01509230,label,kart_horizon_2to0_1509230
0x015092b4,label,kart_horizon_2to1_15092b4
0x01509338,label,kart_horizon_0to2_1509338
0x015093bc,label,kart_horizon_0to1_15093bc
0x01509440,label,kart_horizon_1to0_1509440
0x015094c4,label,kart_horizon_1to2_15094c4
0x01509548,label,kart_curve_step_1509548
0x01509558,label,kart_record_ids_1509558
0x01509560,label,kart_record_sizes_1509560
0x01509568,label,kart_patterns_1509568
0x01509594,label,kart_track0_1509594
0x01509600,label,kart_track1_1509600
0x015096ac,label,kart_track2_15096ac
0x01509744,label,kart_track3_1509744
0x015097d4,label,kart_track_mode2_15097d4
0x01509860,label,kart_spriteset_sizes_a_1509860
0x01509870,label,kart_spriteset_sizes_d_1509870
0x01509880,label,kart_spriteset_sizes_b_1509880
0x01509890,label,kart_spriteset_sizes_c_1509890
0x015098a0,label,kart_corner_speed_15098a0
0x015098b0,label,kart_centrifugal_mult_15098b0
0x015098b8,label,kart_hill_drag_15098b8
0x015098c0,label,kart_hill_maxspeed_15098c0
0x015098c8,label,kart_grid_15098c8
0x015098ec,label,kart_stat_levels_15098ec
0x0150991c,label,kart_type_levels_150991c
0x01509938,label,kart_item1_mode1_desc_1509938
0x01509948,label,kart_item2_mode1_desc_1509948
0x01509958,label,kart_option_defaults_1509958
0x01511e88,label,game_tone_ids_1511e88
0x01511ebc,label,games_handlers_1511ebc
0x015365dc,label,kart_instructions_init_15365dc
0x01536670,label,kart_track_ptrs_init_1536670
0x015a0000,label,ppm_start
